ID,species,country,Village,Location,Sub.County,date,latitude,longitude,year,lineage,case,Genbank_number,Genomic_coverage
EU853584,Canis familiaris,Central African Republic,NA,NA,NA,NA,NA,NA,2004,Cosmopolitan AF1b_A2,1,EU853584,
EU853585,Canis familiaris,Central African Republic,NA,NA,NA,NA,NA,NA,2005,Cosmopolitan AF1b_A2,1,EU853585,
EU853586,Canis familiaris,Central African Republic,NA,NA,NA,NA,NA,NA,2003,Cosmopolitan AF1b_A2,1,EU853586,
EU853587,Canis familiaris,Central African Republic,NA,NA,NA,NA,NA,NA,2006,Cosmopolitan AF1b_A2,1,EU853587,
EU853588,Canis familiaris,Central African Republic,NA,NA,NA,NA,NA,NA,2006,Cosmopolitan AF1b_A2,1,EU853588,
EU853589,Canis familiaris,Central African Republic,NA,NA,NA,NA,NA,NA,2007,Cosmopolitan AF1b_A2,1,EU853589,
EU853590,Canis familiaris,Central African Republic,NA,NA,NA,NA,NA,NA,2000,Cosmopolitan AF1b_A2,1,EU853590,
JX473838,jackal,Namibia,NA,Kunene,Etosha National Park,NA,-18.855591,16.32932,2009,Cosmopolitan AF1b_A2,1,JX473838,
JX473839,jackal,Namibia,NA,Kunene,Etosha National Park,NA,-18.855591,16.32932,2009,Cosmopolitan AF1b_A2,1,JX473839,
JX473840,Tragelaphus strepsiceros (Namibian kudu),Namibia,NA,Khomas,Windhoek,NA,-22.55941,17.08323,2009,Cosmopolitan AF1b_A2,1,JX473840,
JX473841,Tragelaphus strepsiceros (Namibian kudu),Namibia,NA,Otjozondjupa,Grootfontein,NA,-19.572871,18.107292,2009,Cosmopolitan AF1b_A2,1,JX473841,
KR906775,Domestic dog,Tanzania,NA,NA,Serengeti,25/09/2011,-1.899046,34.659015,2011,Cosmopolitan AF1b_A1.1,3_5,KR906775,
KT119634,Canis familiaris,Central African Republic,NA,NA,Bangui,16/01/2003,4.3630667,18.5872167,2003,Cosmopolitan AF1b_A2,1,KT119634,
KT119635,Canis familiaris,Central African Republic,NA,NA,Bangui,01/02/2003,4.33515,18.5309833,2003,Cosmopolitan AF1b_A2,1,KT119635,
KT119636,Canis familiaris,Central African Republic,NA,NA,Bangui,02/02/2003,4.3843528,18.5637056,2003,Cosmopolitan AF1b_A2,1,KT119636,
KT119637,Canis familiaris,Central African Republic,NA,NA,Bangui,10/02/2003,4.4007806,18.55875,2003,Cosmopolitan AF1b_A2,1,KT119637,
KT119638,Canis familiaris,Central African Republic,NA,NA,Bangui,20/02/2003,4.4100833,18.56745,2003,Cosmopolitan AF1b_A2,1,KT119638,
KT119639,Canis familiaris,Central African Republic,NA,NA,Bangui,03/03/2003,4.4257556,18.5302556,2003,Cosmopolitan AF1b_A2,1,KT119639,
KT119640,Canis familiaris,Central African Republic,NA,NA,Bangui,03/03/2003,4.37215,18.5469333,2003,Cosmopolitan AF1b_A2,1,KT119640,
KT119641,Canis familiaris,Central African Republic,NA,NA,Bangui,24/03/2003,4.4184667,18.5557,2003,Cosmopolitan AF1b_A2,1,KT119641,
KT119642,Canis familiaris,Central African Republic,NA,NA,Bangui,31/03/2003,4.43105,18.5465222,2003,Cosmopolitan AF1b_A2,1,KT119642,
KT119643,Canis familiaris,Central African Republic,NA,NA,Bangui,28/03/2003,4.3760778,18.5343333,2003,Cosmopolitan AF1b_A2,1,KT119643,
KT119644,Canis familiaris,Central African Republic,NA,NA,Bangui,15/05/2003,4.36955,18.57915,2003,Cosmopolitan AF1b_A2,1,KT119644,
KT119645,Canis familiaris,Central African Republic,NA,NA,Bangui,30/05/2003,4.3977833,18.5333167,2003,Cosmopolitan AF1b_A2,1,KT119645,
KT119646,Canis familiaris,Central African Republic,NA,NA,Bangui,11/06/2003,4.3881667,18.5547,2003,Cosmopolitan AF1b_A2,1,KT119646,
KT119647,Canis familiaris,Central African Republic,NA,NA,Berberati,25/06/2003,4.26116,15.79216,2003,Cosmopolitan AF1b_A2,1,KT119647,
KT119648,Canis familiaris,Central African Republic,NA,NA,Bangui,02/09/2003,4.3890139,18.5642889,2003,Cosmopolitan AF1b_A2,1,KT119648,
KT119649,Canis familiaris,Central African Republic,NA,NA,Bangui,03/11/2003,4.4237833,18.5404,2003,Cosmopolitan AF1b_A2,1,KT119649,
KT119650,Canis familiaris,Central African Republic,NA,NA,Bangui,04/02/2004,4.4223,18.53425,2003,Cosmopolitan AF1b_A2,1,KT119650,
KT119651,Canis familiaris,Central African Republic,NA,NA,Bangui,12/03/2004,4.3759,18.6174333,2004,Cosmopolitan AF1b_A2,1,KT119651,
KT119652,Canis familiaris,Central African Republic,NA,NA,Berberati,24/06/2004,4.26116,15.79216,2004,Cosmopolitan AF1b_A2,1,KT119652,
KT119653,Canis familiaris,Central African Republic,NA,NA,Bangui,16/08/2004,4.3872167,18.5430833,2004,Cosmopolitan AF1b_A2,1,KT119653,
KT119654,Canis familiaris,Central African Republic,NA,NA,Bangui,14/09/2004,4.4091389,18.5559556,2004,Cosmopolitan AF1b_A2,1,KT119654,
KT119655,Canis familiaris,Central African Republic,NA,NA,Bangui,21/09/2004,4.3931389,18.547,2004,Cosmopolitan AF1b_A2,1,KT119655,
KT119656,Canis familiaris,Central African Republic,NA,NA,Bangui,19/01/2005,4.4069611,18.5735611,2004,Cosmopolitan AF1b_A2,1,KT119656,
KT119657,Canis familiaris,Central African Republic,NA,NA,Bangui,27/01/2005,4.4025667,18.55405,2005,Cosmopolitan AF1b_A2,1,KT119657,
KT119659,Canis familiaris,Central African Republic,NA,NA,Bangui,12/05/2006,4.4016556,18.549775,2006,Cosmopolitan AF1b_A2,1,KT119659,
KT119660,Canis familiaris,Central African Republic,NA,NA,Bangui,19/06/2006,4.3243833,18.5261667,2006,Cosmopolitan AF1b_A2,1,KT119660,
KT119661,Canis familiaris,Central African Republic,NA,NA,Bangui,20/07/2006,4.32555,18.5261667,2006,Cosmopolitan AF1b_A2,1,KT119661,
KT119662,Canis familiaris,Central African Republic,NA,NA,Bangui,10/08/2006,4.3271833,18.5250333,2006,Cosmopolitan AF1b_A2,1,KT119662,
KT119663,Canis familiaris,Central African Republic,NA,NA,Bangui,10/08/2006,4.4081028,18.5685056,2006,Cosmopolitan AF1b_A2,1,KT119663,
KT119664,Canis familiaris,Central African Republic,NA,NA,Berberati,16/10/2006,4.26116,15.79216,2006,Cosmopolitan AF1b_A2,1,KT119664,
KT119665,Canis familiaris,Central African Republic,NA,NA,Bangui,11/01/2007,4.4238583,18.5512556,2007,Cosmopolitan AF1b_A2,1,KT119665,
KT119666,Canis familiaris,Central African Republic,NA,NA,Bangui,31/01/2007,4.3290833,18.5346611,2007,Cosmopolitan AF1b_A2,1,KT119666,
KT119667,Canis familiaris,Central African Republic,NA,NA,Bangui,06/02/2007,4.3410833,18.5323333,2007,Cosmopolitan AF1b_A2,1,KT119667,
KT119668,Canis familiaris,Central African Republic,NA,NA,Bangui,01/03/2007,4.3871417,18.5593778,2007,Cosmopolitan AF1b_A2,1,KT119668,
KT119669,Canis familiaris,Central African Republic,NA,NA,Bangui,13/03/2007,4.3603889,18.5460333,2007,Cosmopolitan AF1b_A2,1,KT119669,
KT119670,Canis familiaris,Central African Republic,NA,NA,Bangui,27/03/2007,4.4199,18.5616,2007,Cosmopolitan AF1b_A2,1,KT119670,
KT119671,Canis familiaris,Central African Republic,NA,NA,Bangui,07/04/2007,4.4081,18.5568667,2007,Cosmopolitan AF1b_A2,1,KT119671,
KT119672,Canis familiaris,Central African Republic,NA,NA,Bangui,10/04/2007,4.3735833,18.5568667,2007,Cosmopolitan AF1b_A2,1,KT119672,
KT119673,Capra hircus,Central African Republic,NA,NA,Bangui,11/04/2007,4.3389833,18.5323667,2007,Cosmopolitan AF1b_A2,1,KT119673,
KT119674,Canis familiaris,Central African Republic,NA,NA,Bangui,16/04/2007,4.37805,18.5740167,2007,Cosmopolitan AF1b_A2,1,KT119674,
KT119675,Canis familiaris,Central African Republic,NA,NA,Bangui,18/04/2007,4.33525,18.52645,2007,Cosmopolitan AF1b_A2,1,KT119675,
KT119676,Canis familiaris,Central African Republic,NA,NA,Bangui,24/04/2007,4.41245,18.5582667,2007,Cosmopolitan AF1b_A2,1,KT119676,
KT119677,Canis familiaris,Central African Republic,NA,NA,Bangui,24/04/2007,4.37715,18.6037833,2007,Cosmopolitan AF1b_A2,1,KT119677,
KT119678,Canis familiaris,Central African Republic,NA,NA,Bangui,03/05/2007,4.3959667,18.5502,2007,Cosmopolitan AF1b_A2,1,KT119678,
KT119679,Canis familiaris,Central African Republic,NA,NA,Bangui,04/05/2007,4.3714,18.5256,2007,Cosmopolitan AF1b_A2,1,KT119679,
KT119680,Canis familiaris,Central African Republic,NA,NA,Bangui,07/05/2007,4.3627,18.57045,2007,Cosmopolitan AF1b_A2,1,KT119680,
KT119681,Canis familiaris,Central African Republic,NA,NA,Bangui,14/05/2007,4.3671333,18.5729667,2007,Cosmopolitan AF1b_A2,1,KT119681,
KT119682,Canis familiaris,Central African Republic,NA,NA,Bangui,16/05/2007,4.4130667,18.56365,2007,Cosmopolitan AF1b_A2,1,KT119682,
KT119683,Canis familiaris,Central African Republic,NA,NA,Bangui,04/06/2007,4.41175,18.4720833,2007,Cosmopolitan AF1b_A2,1,KT119683,
KT119684,Canis familiaris,Central African Republic,NA,NA,Bangui,12/06/2007,4.3887667,18.5433333,2007,Cosmopolitan AF1b_A2,1,KT119684,
KT119685,Canis familiaris,Central African Republic,NA,NA,Bangui,14/06/2007,4.3951667,18.54425,2007,Cosmopolitan AF1b_A2,1,KT119685,
KT119686,Canis familiaris,Central African Republic,NA,NA,Bangui,15/06/2007,4.3973,18.5391667,2007,Cosmopolitan AF1b_A2,1,KT119686,
KT119687,Canis familiaris,Central African Republic,NA,NA,Bangui,21/06/2007,4.3747333,18.5686,2007,Cosmopolitan AF1b_A2,1,KT119687,
KT119688,Felis catus,Central African Republic,NA,NA,Bangui,06/07/2007,4.3573333,18.5575333,2007,Cosmopolitan AF1b_A2,1,KT119688,
KT119689,Canis familiaris,Central African Republic,NA,NA,Bangui,21/07/2007,4.3453833,18.54425,2007,Cosmopolitan AF1b_A2,1,KT119689,
KT119690,Canis familiaris,Central African Republic,NA,NA,Bangui,23/07/2007,4.3525833,18.5310333,2007,Cosmopolitan AF1b_A2,1,KT119690,
KT119691,Canis familiaris,Central African Republic,NA,NA,Bangui,26/07/2007,4.3618333,18.53515,2007,Cosmopolitan AF1b_A2,1,KT119691,
KT119692,Canis familiaris,Central African Republic,NA,NA,Bangui,03/08/2007,4.3990417,18.5659583,2007,Cosmopolitan AF1b_A2,1,KT119692,
KT119693,Canis familiaris,Central African Republic,NA,NA,Bangui,08/08/2007,4.4107333,18.5005,2007,Cosmopolitan AF1b_A2,1,KT119693,
KT119694,Canis familiaris,Central African Republic,NA,NA,Bangui,10/08/2007,4.3712667,18.6100333,2007,Cosmopolitan AF1b_A2,1,KT119694,
KT119695,Canis familiaris,Central African Republic,NA,NA,Bangui,10/08/2007,4.3772,18.5470833,2007,Cosmopolitan AF1b_A2,1,KT119695,
KT119696,Canis familiaris,Central African Republic,NA,NA,Bangui,16/08/2007,4.4126361,18.5409417,2007,Cosmopolitan AF1b_A2,1,KT119696,
KT119697,Canis familiaris,Central African Republic,NA,NA,Bangui,20/08/2007,4.3952389,18.564975,2007,Cosmopolitan AF1b_A2,1,KT119697,
KT119698,Canis familiaris,Central African Republic,NA,NA,Bangui,27/08/2007,4.4249556,18.535975,2007,Cosmopolitan AF1b_A2,1,KT119698,
KT119699,Canis familiaris,Central African Republic,NA,NA,Bangui,13/09/2007,4.3536333,18.5405667,2007,Cosmopolitan AF1b_A2,1,KT119699,
KT119700,Dog,Central African Republic,NA,NA,Bangui,13/09/2007,4.4211417,18.5397806,2007,Cosmopolitan AF1b_A2,1,KT119700,
KT119701,Dog,Central African Republic,NA,NA,Bangui,26/09/2007,4.4499139,18.5354583,2007,Cosmopolitan AF1b_A2,1,KT119701,
KT119702,Dog,Central African Republic,NA,NA,Bangui,02/11/2007,4.4651028,18.530575,2007,Cosmopolitan AF1b_A2,1,KT119702,
KT119703,Dog,Central African Republic,NA,NA,Bangui,15/11/2007,4.4515139,18.533675,2007,Cosmopolitan AF1b_A2,1,KT119703,
KT119704,Dog,Central African Republic,NA,NA,Bangui,27/11/2007,4.3703333,18.56875,2007,Cosmopolitan AF1b_A2,1,KT119704,
KT119705,Dog,Central African Republic,NA,NA,Bangui,13/12/2007,4.3622167,18.5525667,2007,Cosmopolitan AF1b_A2,1,KT119705,
KT119706,Dog,Central African Republic,NA,NA,Bangui,13/12/2007,4.4044444,18.533975,2007,Cosmopolitan AF1b_A2,1,KT119706,
KT119707,Dog,Central African Republic,NA,NA,Bangui,17/12/2007,4.4601417,18.520825,2007,Cosmopolitan AF1b_A2,1,KT119707,
KT119708,Dog,Central African Republic,NA,NA,Bangui,17/12/2007,4.3983528,18.559925,2007,Cosmopolitan AF1b_A2,1,KT119708,
KT119709,Dog,Central African Republic,NA,NA,Bangui,24/12/2007,4.3582333,18.51855,2007,Cosmopolitan AF1b_A2,1,KT119709,
KT119710,Dog,Central African Republic,NA,NA,Carnot,10/01/2008,4.94273,15.87735,2008,Cosmopolitan AF1b_A2,1,KT119710,
KT119711,Dog,Central African Republic,NA,NA,Bangui,09/02/2008,4.3657667,18.5234,2008,Cosmopolitan AF1b_A2,1,KT119711,
KT119712,Dog,Central African Republic,NA,NA,Bangui,08/03/2008,4.3649833,18.5635167,2008,Cosmopolitan AF1b_A2,1,KT119712,
KT119713,Dog,Central African Republic,NA,NA,Bangui,21/04/2008,4.3861,18.5430167,2008,Cosmopolitan AF1b_A2,1,KT119713,
KT119714,Dog,Central African Republic,NA,NA,Bangui,22/04/2008,4.4557,18.53235,2008,Cosmopolitan AF1b_A2,1,KT119714,
KT119715,Caprine,Central African Republic,NA,NA,Bangui,04/06/2008,4.4418194,18.5311056,2008,Cosmopolitan AF1b_A2,1,KT119715,
KT119716,Dog,Central African Republic,NA,NA,Bangui,17/06/2008,4.4219167,18.5399,2008,Cosmopolitan AF1b_A2,1,KT119716,
KT119717,Dog,Central African Republic,NA,NA,Bangui,02/07/2008,4.4101667,18.5328583,2008,Cosmopolitan AF1b_A2,1,KT119717,
KT119718,Dog,Central African Republic,NA,NA,Bangui,03/07/2008,4.45675,18.5294167,2008,Cosmopolitan AF1b_A2,1,KT119718,
KT119719,Dog,Central African Republic,NA,NA,Bangui,18/07/2008,4.3912,18.5403,2008,Cosmopolitan AF1b_A2,1,KT119719,
KT119720,Dog,Central African Republic,NA,NA,Bangui,30/07/2008,4.4080667,18.5381833,2008,Cosmopolitan AF1b_A2,1,KT119720,
KT119721,Dog,Central African Republic,NA,NA,Bangui,05/08/2008,4.4240667,18.53715,2008,Cosmopolitan AF1b_A2,1,KT119721,
KT119722,Dog,Central African Republic,NA,NA,Bangui,20/08/2008,4.4053167,18.5342333,2008,Cosmopolitan AF1b_A2,1,KT119722,
KT119723,Dog,Central African Republic,NA,NA,Bangui,25/08/2008,4.36385,18.5467,2008,Cosmopolitan AF1b_A2,1,KT119723,
KT119724,Dog,Central African Republic,NA,NA,Bangui,08/09/2008,4.3577667,18.5406,2008,Cosmopolitan AF1b_A2,1,KT119724,
KT119725,Dog,Central African Republic,NA,NA,Bangui,25/09/2008,4.3732333,18.5168,2008,Cosmopolitan AF1b_A2,1,KT119725,
KT119726,Dog,Central African Republic,NA,NA,Bangui,20/11/2008,4.36305,18.5649,2008,Cosmopolitan AF1b_A2,1,KT119726,
KT119727,Dog,Central African Republic,NA,NA,Bangui,26/11/2008,4.3649667,18.55335,2008,Cosmopolitan AF1b_A2,1,KT119727,
KT119729,Dog,Central African Republic,NA,NA,Bangui,05/12/2008,4.36295,18.5190333,2008,Cosmopolitan AF1b_A2,1,KT119729,
KT119730,Dog,Central African Republic,NA,NA,Bangui,07/12/2008,4.3418667,18.5433833,2008,Cosmopolitan AF1b_A2,1,KT119730,
KT119731,Dog,Central African Republic,NA,NA,Bangui,29/12/2008,4.3735167,18.5507333,2008,Cosmopolitan AF1b_A2,1,KT119731,
KT119732,Dog,Central African Republic,NA,NA,Bangui,30/12/2008,4.4345333,18.5392167,2008,Cosmopolitan AF1b_A2,1,KT119732,
KT119733,Dog,Central African Republic,NA,NA,Bangui,04/02/2009,4.3301,18.51845,2009,Cosmopolitan AF1b_A2,1,KT119733,
KT119734,Dog,Central African Republic,NA,NA,Bangui,11/02/2009,4.4042333,18.5561,2009,Cosmopolitan AF1b_A2,1,KT119734,
KT119735,Dog,Central African Republic,NA,NA,Bangui,18/02/2009,4.433,18.5462167,2009,Cosmopolitan AF1b_A2,1,KT119735,
KT119736,Dog,Central African Republic,NA,NA,Bangui,07/04/2009,4.3673,18.5859667,2009,Cosmopolitan AF1b_A2,1,KT119736,
KT119737,Dog,Central African Republic,NA,NA,Bangui,05/05/2009,4.3736,18.5585833,2009,Cosmopolitan AF1b_A2,1,KT119737,
KT119738,Dog,Central African Republic,NA,NA,Bangui,14/05/2009,4.3925167,18.55155,2009,Cosmopolitan AF1b_A2,1,KT119738,
KT119739,Dog,Central African Republic,NA,NA,Bangui,27/05/2009,4.3749167,18.5491667,2009,Cosmopolitan AF1b_A2,1,KT119739,
KT119740,Dog,Central African Republic,NA,NA,Bangui,29/05/2009,4.3747167,18.5745833,2009,Cosmopolitan AF1b_A2,1,KT119740,
KT119741,Cat,Central African Republic,NA,NA,Bangui,08/06/2009,4.3683833,18.5711667,2009,Cosmopolitan AF1b_A2,1,KT119741,
KT119742,Dog,Central African Republic,NA,NA,Bangui,09/05/2009,4.4043333,18.5395,2009,Cosmopolitan AF1b_A2,1,KT119742,
KT119743,Dog,Central African Republic,NA,NA,Bangui,17/06/2009,4.3862667,18.5535833,2009,Cosmopolitan AF1b_A2,1,KT119743,
KT119744,Dog,Central African Republic,NA,NA,Bangui,22/06/2009,4.3796167,18.5554,2009,Cosmopolitan AF1b_A2,1,KT119744,
KT119745,Dog,Central African Republic,NA,NA,Bangui,24/06/2009,4.37135,18.5698167,2009,Cosmopolitan AF1b_A2,1,KT119745,
KT119746,Dog,Central African Republic,NA,NA,Bangui,09/08/2009,4.3698833,18.5718833,2009,Cosmopolitan AF1b_A2,1,KT119746,
KT119747,Caprine,Central African Republic,NA,NA,Bangui,17/08/2009,4.38965,18.5484333,2009,Cosmopolitan AF1b_A2,1,KT119747,
KT119748,Dog,Central African Republic,NA,NA,Bangui,11/12/2009,4.39255,18.5378833,2009,Cosmopolitan AF1b_A2,1,KT119748,
KT119749,Dog,Central African Republic,NA,NA,Bangui,12/02/2010,4.4571,18.5510833,2010,Cosmopolitan AF1b_A2,1,KT119749,
KT119750,Dog,Central African Republic,NA,NA,Bangui,28/03/2010,4.3608667,18.5768833,2010,Cosmopolitan AF1b_A2,1,KT119750,
KT119751,Dog,Central African Republic,NA,NA,Bangui,19/07/2010,4.3838,18.5548833,2010,Cosmopolitan AF1b_A2,1,KT119751,
KT119752,Dog,Central African Republic,NA,NA,Bangui,20/12/2010,4.45315,18.5334667,2010,Cosmopolitan AF1b_A2,1,KT119752,
KT119753,Dog,Central African Republic,NA,NA,Yaloke,23/06/2011,5.41797,16.96877,2011,Cosmopolitan AF1b_A2,1,KT119753,
KT119776,Dog,Democratic Republic of the Congo,NA,NA,Kinshasa,17/05/1989,-4.322447,15.307045,1989,Cosmopolitan AF1b_A2,1,KT119776,
KT119780,Dog,Central African Republic,NA,NA,Bangui,02/05/1992,4.36122,18.55496,1992,Cosmopolitan AF1b_A2,1,KT119780,
KT119781,Dog,Central African Republic,NA,NA,Bangui,16/06/1992,4.36122,18.55496,1992,Cosmopolitan AF1b_A2,1,KT119781,
KX148204,Dog,Namibia,NA,NA,NA,NA,NA,NA,1992,Cosmopolitan AF1b_A2,1,KX148204,
2010818843,Human,Kenya,NA,Starehe,Nairobi,12/03/2013,-1.2831538,36.8242338,2013,Cosmopolitan AF1a_A1.1,2,KY210275,
LC029890,Dog,Uganda,NA,NA,NA,NA,NA,NA,2011,Cosmopolitan AF1b_A2,1,LC029890,
MT454642,Domestic dog,South Africa,NA,NA,NA,NA,NA,NA,2016,Cosmopolitan AF1b_A2,1,MN726805,
2011100186,Domestic dog,Kenya,NA,Kisumu East ,Kisumu,12/09/2017,-0.0255381,34.79142,2017,Cosmopolitan AF1a_A1.1,2,MN726806,
MN726810,Homo sapiens,Kenya,NA,Seme,Kisumu,11/07/2018,-0.162357673,34.548493,2018,Cosmopolitan AF1a_A1.1,2,MN726810,
MN726812,Canis familiaris,Kenya,NA,Rarieda,Siaya,22/08/2019,-0.157945443,34.41227149,2019,Cosmopolitan AF1a_A1.1,2,MN726812,
MN726805,Ovis aries,Kenya,NA,Bondo,Siaya,03/10/2017,-0.100337,34.275499,2017,Cosmopolitan AF1a_A1.1,2,MN726813,
KY210275,Livestock: Cow,Tanzania,NA,NA,Serengeti,04/09/2013,-1.85288,34.79636,2013,Cosmopolitan AF1b_A1.1,3_5,MN726819,
MN726830,Bos taurus,Kenya,NA,Kibra,Nairobi,11/07/2018,-1.311025535,36.80389662,2018,Cosmopolitan AF1a_A1.1,2,MN726830,
MN726819,Homo sapiens,Kenya,NA,Starehe,Nairobi,12/03/2013,-1.283153766,36.82423379,2013,Cosmopolitan AF1a_A1.1,2,MT454632,
MT454632,Proteles cristata,South Africa,NA,NA,NA,NA,NA,NA,2015,Cosmopolitan AF1b_A2,1,MT454633,
MT454633,Proteles cristata,South Africa,NA,NA,NA,NA,NA,NA,2015,Cosmopolitan AF1b_A2,1,MT454638,
MT454638,Otocyon megalotis,South Africa,NA,NA,NA,NA,NA,NA,2016,Cosmopolitan AF1b_A2,1,MT454640,
MT454640,Otocyon megalotis,South Africa,NA,NA,NA,NA,NA,NA,2016,Cosmopolitan AF1b_A2,1,MT454642,
MT454643,Canis lupus familiaris,South Africa,NA,NA,NA,NA,NA,NA,2017,Cosmopolitan AF1b_A2,1,MT454646,
MT454645,Canis lupus familiaris,South Africa,NA,NA,NA,NA,NA,NA,2017,Cosmopolitan AF1b_A2,1,MT454647,
MT454646,Canis mesomelas,South Africa,NA,NA,NA,NA,NA,NA,2017,Cosmopolitan AF1b_A2,1,MT454649,
MT454647,Canis mesomelas,South Africa,NA,NA,NA,NA,NA,NA,2017,Cosmopolitan AF1b_A2,1,MT454650,
MT454650,Otocyon megalotis,South Africa,NA,NA,NA,NA,NA,NA,2017,Cosmopolitan AF1b_A2,1,MT454650,
MT454649,Canis mesomelas,South Africa,NA,NA,NA,NA,NA,NA,2017,Cosmopolitan AF1b_A2,1,MT454651,
MT454651,Canis mesomelas,South Africa,NA,NA,NA,NA,NA,NA,2017,Cosmopolitan AF1b_A2,1,MT454651,
MW055118,Canis familiaris,Kenya,NA,NA,Kisumu,NA,-0.091702,34.767956,2018,Cosmopolitan AF1a_A1.1,2,MW055118,
MW055119,Canis familiaris,Kenya,NA,NA,Kisumu,NA,-0.091702,34.767956,2018,Cosmopolitan AF1a_A1.1,2,MW055119,
MW055120,Bos taurus,Kenya,NA,NA,Siaya,NA,0.062629,34.287807,2018,Cosmopolitan AF1a_A1.1,2,MW055120,
MW055121,Canis familiaris,Kenya,NA,NA,Kisumu,NA,-0.091702,34.767956,2018,Cosmopolitan AF1a_A1.1,2,MW055121,
MW055122,Canis familiaris,Kenya,NA,NA,Siaya,NA,0.062629,34.287807,2018,Cosmopolitan AF1a_A1.1,2,MW055122,
MW055123,Ovis aries,Kenya,NA,NA,Siaya,NA,0.062629,34.287807,2018,Cosmopolitan AF1a_A1.1,2,MW055123,
2021153276,Human,Kenya,NA,South West Sakwa,Bondo,29/08/2022,-0.112238,34.201307,2022,Cosmopolitan AF1a_C1,4,OR045927,
RB004,Domestic Dog,Tanzania,NA,Arusha urban,Arusha,14/04/2021,-3.386925,36.682995,2021,Cosmopolitan AF1b_A1.1,3_5,OR045938,
SD743,Domestic dog,Tanzania,NA,Serengeti ,Mara ,22/03/2019,-1.730158674,34.4964275,2019,Cosmopolitan AF1b_A1.1,3_5,OR045943,
SD846,Human,Tanzania,NA,Ngorongoro,Arusha,03/10/2022,-3.060711,35.830041,2022,Cosmopolitan AF1b_A1.1,3_5,OR045947,
Z0083192,Domestic dog,Kenya,NA,makueni,Makueni,17/12/2020,-1.786495,37.631107,2020,Cosmopolitan AF1b_A1.1,3_5,OR045951,
Z0083204,Domestic dog,Kenya,NA,Kibwezi East,Makueni,17/08/2021,-2.410524,37.967847,2021,Cosmopolitan AF1b_A1.1,3_5,OR045952,
Z0083216,Bovine,Kenya,NA,Kathonzweni,Makueni,18/07/2021,-1.9131016,37.7317411,2021,Cosmopolitan AF1b_A1.1,3_5,OR045953,
Z0083223,Caprine,Kenya ,NA,Makueni,Makueni,02/09/2021,-1.799008071,37.59439993,2021,Cosmopolitan AF1b_A1.1,3_5,OR045954,
Z0083226,Domestic dog,Kenya,NA,Kibwezi West,Makueni,24/09/2021,-0.022929853,34.12224665,2021,Cosmopolitan AF1b_A1.1,3_5,OR045955,
Z0083233,Domestic dog,Kenya ,NA,Kibwezi East,Makueni,24/09/2021,-2.410524,37.967847,2021,Cosmopolitan AF1b_A1.1,3_5,OR045956,
Z0083240,Domestic dog,Kenya,NA,Kathonzweni,Makueni,04/12/2021,-1.9131016,37.7317411,2021,Cosmopolitan AF1b_A1.1,3_5,OR045957,
Z0083243,Domestic dog,Kenya,NA,Kathonzweni,Makueni,18/11/2021,-1.9131016,37.7317411,2021,Cosmopolitan AF1b_A1.1,3_5,OR045958,
Z0826253,Human,Kenya,NA,Gem,Siaya,27/02/2018,0.077195474,34.47023396,2018,Cosmopolitan AF1b_A2,1,OR045959,
Z0828879,Human,Kenya,NA,Gem,Siaya,18/07/2018,0.07719547,34.470234,2018,Cosmopolitan AF1a_A1.1,2,OR045960,
Z00832443,Domestic dog,Kenya,NA,Kathonzweni,Makueni,18/11/2021,-1.90833346,37.7243881,2021,Cosmopolitan AF1b_A1.1,3_5,OR045961,
Z00861806,Domestic dog,Kenya,NA,South Gem,Gem,16/06/2022,-0.0475245,34.4200927,2022,Cosmopolitan AF1a_A1.1,2,OR045962,
Z00861807,Domestic dog,Kenya,NA,North Uyoma,Rarieda,09/06/2022,-0.2436026,34.3405267,2022,Cosmopolitan AF1a_C1,4,OR045963,
Z00861808,Domestic dog,Kenya,NA,Ugunja,Ugunja,03/06/2022,0.1992256,34.3392067,2022,Cosmopolitan AF1a_A1.1,2,OR045964,
Z00861810,Domestic dog,Kenya,NA,Siaya Township,Alego usonga,25/05/2022,0.0555359,34.2825282,2022,Cosmopolitan AF1a_C1,4,OR045965,
Z00861811,Domestic dog,Kenya,NA,Siaya Township,Alego usonga,23/05/2022,0.0514289,34.2779851,2022,Cosmopolitan AF1a_A1.1,2,OR045966,
Z00861815,Domestic dog,Kenya,NA,West Alego,Alego usonga,01/05/2022,0.07509,34.1514466,2022,Cosmopolitan AF1a_C1,4,OR045968,
Z00861824,Domestic dog,Kenya,NA,Yimbo East,Bondo,18/03/2022,0.0876167,34.1993533,2022,Cosmopolitan AF1a_C1,4,OR045971,
Z00861826,Domestic dog,Kenya,NA,West Sakwa,Bondo,06/03/2022,-0.0935193,34.2223259,2022,Cosmopolitan AF1a_A1.1,2,OR045972,
Z00861829,Domestic dog,Kenya,NA,Central Sakwa,Bondo,26/02/2022,-0.1389228,34.1935759,2022,Cosmopolitan AF1a_C1,4,OR045974,
Z00861831,Bovine,Kenya,NA,Central Alego,Alego usonga,17/02/2022,0.0935377,34.2324974,2022,Cosmopolitan AF1a_A1.1,2,OR045975,
Z00861832,Domestic dog,Kenya,NA,Siaya Township,Alego usonga,13/02/2022,0.0555358,34.3062222,2022,Cosmopolitan AF1a_A1.1,2,OR045976,
Z00861834,Domestic dog,Kenya,NA,West Alego,Alego usonga,10/02/2022,0.0864564,34.1967015,2022,Cosmopolitan AF1a_A1.1,2,OR045977,
Z00861838,Domestic dog,Kenya,NA,Bondo,Siaya,14/01/2022,-0.100337,34.275499,2022,Cosmopolitan AF1a_C1,4,OR045981,
Z00861840,Domestic Dog,Kenya,NA,Siaya,Siaya,22/12/2021,-0.062629,34.287807,2021,Cosmopolitan AF1a_C1,4,OR045983,
Z00861841,Domestic dog,Kenya,NA,South East Alego,Siaya,20/12/2021,-0.0594856,34.2839401,2021,Cosmopolitan AF1a_A1.1,2,OR045984,
Z00861850,Domestic dog,Kenya,NA,Bondo,Siaya,03/11/2021,-0.100337,34.275499,2021,Cosmopolitan AF1a_C1,4,OR045989,
Z00861851,Domestic dog,Kenya,NA,Bondo,Siaya,03/11/2021,-0.100337,34.275499,2021,Cosmopolitan AF1a_C1,4,OR045990,
Z00861855,Domestic dog,Kenya,NA,Bondo,Siaya,26/10/2021,-0.100337,34.275499,2021,Cosmopolitan AF1a_C1,4,OR045993,
Z00861858,Bovine,Kenya,NA,Alego Usonga,Siaya,15/10/2021,0.08863336,34.2251906,2021,Cosmopolitan AF1a_A1.1,2,OR045995,
Z00861860,Domestic dog,Kenya,NA,Bondo,Siaya,12/10/2021,-0.100337,34.275499,2021,Cosmopolitan AF1a_C1,4,OR045997,
Z00861867,Domestic dog,Kenya ,NA,Bondo,Siaya,05/09/2021,-0.100337,34.275499,2021,Cosmopolitan AF1a_C1,4,OR046002,
Z00861869,Domestic dog,Kenya ,NA,Bondo,Siaya,05/09/2021,-0.100337,34.275499,2021,Cosmopolitan AF1a_C1,4,OR046003,
Z00861870,Domestic dog,Kenya,NA,Alego Usonga,Siaya,05/09/2021,0.08863336,34.2251906,2021,Cosmopolitan AF1a_A1.1,2,OR046004,
Z00861871,Bovine,Kenya,NA,Alego Usonga,Siaya,02/09/2021,-0.0606193,34.2859671,2021,Cosmopolitan AF1a_A1.1,2,OR046005,
Z00861872,Bovine,Kenya ,NA,Alego Usonga,Siaya,31/08/2021,0.08863336,34.2251906,2021,Cosmopolitan AF1a_A1.1,2,OR046006,
Z00861877,Unknown,Kenya,NA,Bondo,Siaya,11/08/2021,-0.100337,34.275499,2021,Cosmopolitan AF1a_A1.1,2,OR046007,
Z00865560,Domestic dog,Kenya,NA,North Gem,Gem,25/06/2022,0.1134189,34.451805,2022,Cosmopolitan AF1a_A1.1,2,OR046008,
Z00865561,Domestic dog,Kenya,NA,West Asembo,Rarieda,28/06/2022,-0.1394914,34.355399,2022,Cosmopolitan AF1a_A1.1,2,OR046009,
Z00865563,Domestic dog,Kenya,NA,East Asembo,Rarieda,12/07/2022,-0.1825339,34.3808759,2022,Cosmopolitan AF1a_A1.1,2,OR046011,
Z00865564,Domestic dog,Kenya,NA,West Asembo,Rarieda,13/07/2022,-0.1400055,34.3601107,2022,Cosmopolitan AF1a_C1,4,OR046012,
Z00865570,Domestic dog,Kenya,NA,South East Alego,Alego usonga,21/07/2022,0.0109183,34.2870951,2022,Cosmopolitan AF1a_A1.1,2,OR046014,
Z00865571,Domestic dog,Kenya,NA,East Asembo,Rarieda,23/07/2022,-0.0726057,34.3791578,2022,Cosmopolitan AF1a_A1.1,2,OR046015,
U22638,Canis lupus familiaris,Democratic Republic of the Congo,NA,NA,NA,NA,NA,NA,1995,Cosmopolitan AF1b_A2,1,U22638,
U22649,Canis,Namibia,NA,NA,NA,NA,NA,NA,1995,Cosmopolitan AF1b_A2,1,U22649,
U22650,Canis lupus familiaris,South Africa,NA,NA,NA,NA,NA,NA,1995,Cosmopolitan AF1b_A2,1,U22650,
U22651,Canis lupus familiaris,South Africa,NA,NA,NA,NA,NA,NA,1995,Cosmopolitan AF1b_A2,1,U22651,
Z08151242,Bovine,Kenya,NA,Rarieda,Siaya,18/08/2017,-0.15795,34.41227,2017,Cosmopolitan AF1a_A1.1,2,OR920295,
Z08151377,Domestic dog,Kenya,NA,Rarieda,Siaya,18/08/2017,-0.3580023,34.322452,2017,Cosmopolitan AF1a_A1.1,2,OR920348,
Z0826363,Domestic dog,Kenya,NA,Rarieda,Siaya,16/11/2017,-0.1579454,34.4122715,2017,Cosmopolitan AF1a_A1.1,2,OR920252,
Z0826475,Domestic dog,Kenya,NA,Rarieda,Siaya,21/09/2017,-0.1579454,34.4122715,2017,Cosmopolitan AF1a_A1.1,2,OR920220,
Z0826752,Bovine,Kenya,NA,Kibra,Nairobi,11/07/2018,-1.3110255,36.8038966,2018,Cosmopolitan AF1a_A1.1,2,OR920290,
Z0083175,Bovine,Kenya,NA,Alego Usonga,Siaya,16/07/2019,0.08863336,34.2251906,2019,Cosmopolitan AF1a_A1.1,2,OR920283,
Z0826362,Domestic dog,Kenya,NA,Rarieda,Siaya,22/08/2019,-0.1579454,34.4122715,2019,Cosmopolitan AF1a_A1.1,2,OR920252,
Z0826447,Bovine,Kenya,NA,Bondo,Siaya,11/11/2021,-0.100337,34.275499,2021,Cosmopolitan AF1a_A1.1,2,OR920256,
Z00861809,Bovine,Kenya,NA,Sigomre,Ugunja,28/05/2022,0.2023327,34.3630015,2022,Cosmopolitan AF1a_A1.1,2,OR920320,
Z00861816,Domestic dog,Kenya,NA,Central Alego,Alego usonga,27/04/2022,0.0887153,34.1981338,2022,Cosmopolitan AF1a_A1.1,2,OR920316,
Z00861847,Bovine,Kenya,NA,Bondo,Siaya,11/11/2021,-0.1179414,34.2079476,2021,Cosmopolitan AF1a_C1,4,OR920236,
HB002,Human,Tanzania,NA,Moshi,Kilimanjaro,16/09/2019,-2.97557,37.3581,2019,Cosmopolitan AF1b_A1.1,3_5,OR920212,
Z0083205,Domestic dog,Kenya ,NA,Makueni,Makueni,13/04/2021,-1.799008071,37.59439993,2021,Cosmopolitan AF1b_A1.1,3_5,OR920242,
Z0083214,Caprine,Kenya,NA,Mbooni East,Makueni,02/07/2021,-1.667077,37.4615,2021,Cosmopolitan AF1b_A1.1,3_5,OR920205,
Z0083218,Domestic dog,Kenya,NA,Makueni,Makueni,10/08/2021,-1.799008071,37.59439993,2021,Cosmopolitan AF1b_A1.1,3_5,OR920281,
Z0083219,Feline,Kenya,NA,Makueni,Makueni,10/08/2021,-1.799008071,37.59439993,2021,Cosmopolitan AF1b_A1.1,3_5,OR920258,
Z0083220,Domestic dog,Kenya,NA,Makueni,Makueni,05/08/2021,-1.799008071,37.59439993,2021,Cosmopolitan AF1b_A1.1,3_5,OR920265,
Z0083221,Domestic dog,Kenya,NA,Makueni,Makueni,11/08/2021,-1.799008071,37.59439993,2021,Cosmopolitan AF1b_A1.1,3_5,OR920219,
Z0083224,Domestic dog,Kenya ,NA,Makueni,Makueni,03/09/2021,-1.799008071,37.59439993,2021,Cosmopolitan AF1b_A1.1,3_5,OR920259,
Z0083225,Domestic dog,Kenya,NA,Makueni,Makueni,27/09/2021,-1.799008071,37.59439993,2021,Cosmopolitan AF1b_A1.1,3_5,OR920344,
Z0083227,Domestic dog,Kenya,NA,Kathonzweni,Makueni,27/09/2021,-1.9131016,37.7317411,2021,Cosmopolitan AF1b_A1.1,3_5,OR920238,
Z0083228,Domestic dog,Kenya,NA,Makueni,Makueni,01/09/2021,-1.799008071,37.59439993,2021,Cosmopolitan AF1b_A1.1,3_5,OR920261,
Z0083229,Domestic dog,Kenya ,NA,Makueni,Makueni,01/09/2021,-1.799008071,37.59439993,2021,Cosmopolitan AF1b_A1.1,3_5,OR920291,
Z0083231,Domestic dog,Kenya,NA,Mbooni East,Makueni,09/08/2021,-1.667077,37.4615,2021,Cosmopolitan AF1b_A1.1,3_5,OR920278,
Z0083235,Domestic dog,Kenya,NA,makueni,Makueni,29/11/2021,-1.786495,37.631107,2021,Cosmopolitan AF1b_A1.1,3_5,OR920227,
Z0083236,Domestic dog,Kenya,NA,makueni,Makueni,13/10/2021,-1.786495,37.631107,2021,Cosmopolitan AF1b_A1.1,3_5,OR920235,
Z0083237,Domestic dog,Kenya,NA,Kathonzweni,Makueni,01/10/2021,-1.9131016,37.7317411,2021,Cosmopolitan AF1b_A1.1,3_5,OR920286,
Z0083239,Bovine,Kenya,NA,Makueni,Makueni,13/09/2021,-1.799008071,37.59439993,2021,Cosmopolitan AF1b_A1.1,3_5,OR920255,
Z00832441,Domestic dog,Kenya,NA,Kathonzweni,Makueni,19/11/2021,-1.9131016,37.7317411,2021,Cosmopolitan AF1b_A1.1,3_5,OR920343,
Z00832442,Bovine,Kenya,NA,Kathonzweni,Makueni,21/11/2021,-1.9131016,37.7317411,2021,Cosmopolitan AF1b_A1.1,3_5,OR920342,
Z0083245,Domestic dog,Kenya,NA,makueni,Makueni,05/11/2021,-1.786495,37.631107,2021,Cosmopolitan AF1b_A1.1,3_5,OR920221,
Z0083252,Goat,Kenya,NA,makueni,Makueni,29/12/2021,-1.786495,37.631107,2021,Cosmopolitan AF1b_A1.1,3_5,OR920351,
Z0083253,Domestic dog,Kenya,NA,makueni,Makueni,30/12/2021,-1.786495,37.631107,2021,Cosmopolitan AF1b_A1.1,3_5,OR920339,
Z0083265,Feline,Kenya,NA,Kithuki,Makueni,14/03/2021,-1.968343151,37.88137117,2021,Cosmopolitan AF1b_A1.1,3_5,OR920334,
AR03,Domestic Dog,Tanzania,NA,Arusha urban,Arusha,10/03/2022,-3.386925,36.682995,2022,Cosmopolitan AF1b_A1.1,3_5,OR920240,
Z0083249,Caprine,Kenya,NA,Kanthuni,Makueni,14/02/2022,-1.851837756,37.88033534,2022,Cosmopolitan AF1b_A1.1,3_5,OR920305,
Z0083261,Caprine,Kenya,NA,Muvau,Makueni,01/03/2022,-1.8516625,37.6547936,2022,Cosmopolitan AF1b_A1.1,3_5,OR920251,
Z0083262,Domestic dog,Kenya,NA,Kathonzweni,Makueni,25/02/2022,-1.900881571,37.73942683,2022,Cosmopolitan AF1b_A1.1,3_5,OR920274,
Z0083263,Domestic dog,Kenya,NA,Muvau,Makueni,25/02/2022,-1.904419027,37.64380591,2022,Cosmopolitan AF1b_A1.1,3_5,OR920222,
Z0829313,Domestic dog,Kenya,NA,Kikoko,Kaiti,22/08/2022,-1.798023,37.3693556,2022,Cosmopolitan AF1b_A1.1,3_5,OR920231,
Z0829323,Caprine,Kenya,NA,Kyeemundu,Makueni,05/07/2022,-1.9545825,37.477391,2022,Cosmopolitan AF1b_A1.1,3_5,OR920276,
Z0829325,Domestic dog,Kenya,NA,Kathonzweni,Makueni,15/06/2022,-1.8841657,37.7251635,2022,Cosmopolitan AF1b_A1.1,3_5,OR920272,
Z0829333,Bovine,Kenya,NA,Mukaa,Kilome ,03/06/2022,-1.8189811,37.3369929,2022,Cosmopolitan AF1b_A1.1,3_5,OR920237,
Z0829334,Domestic dog,Kenya,NA,Kwa Kavisi,Makueni,04/06/2022,-1.9998655,37.7064121,2022,Cosmopolitan AF1b_A1.1,3_5,OR920301,
Z0829335,Domestic dog,Kenya,NA,Kavuthu,Makueni,16/05/2022,-2.0027478,37.4159767,2022,Cosmopolitan AF1b_A1.1,3_5,OR920232,
Z0829337,Domestic dog,Kenya,NA,Mbuvo,Makueni,10/05/2022,-2.0353289,37.769492,2022,Cosmopolitan AF1b_A1.1,3_5,OR920273,
Z0829340,Domestic dog,Kenya,NA,Emali,Kibwezi West,20/04/2022,-2.0574213,37.5267921,2022,Cosmopolitan AF1b_A1.1,3_5,OR920257,
Z0829341,Domestic dog,Kenya,NA,Muvau,Makueni,23/04/2022,-1.8823492,37.6005636,2022,Cosmopolitan AF1b_A1.1,3_5,OR920318,
Z0829343,Caprine,Kenya,NA,Nzalubani,Kibwezi East,12/04/2022,-2.5938617,38.0650083,2022,Cosmopolitan AF1b_A1.1,3_5,OR920329,
Z0829344,Caprine,Kenya,NA,Mbuvo,Makueni,30/03/2022,-1.9667191,37.7664408,2022,Cosmopolitan AF1b_A1.1,3_5,OR920310,